Myindex,state,Registered_Users
0,Puducherry,49318
1,Tamil Nadu,2104754
2,Uttar Pradesh,4694250
3,Madhya Pradesh,2553603
4,Andhra Pradesh,3336450
5,Tripura,55157
6,Lakshadweep,501
7,Manipur,29925
8,Maharashtra,6106994
9,Dadra and Nagar Haveli and Daman and Diu,53258
10,Meghalaya,18513
11,Andaman & Nicobar,6740
12,Haryana,1847357
13,Rajasthan,3158202
14,Ladakh,8784
15,Punjab,847142
16,Assam,385237
17,Jharkhand,885762
18,Odisha,1594015
19,Bihar,2133804
20,Kerala,784184
21,Karnataka,3717763
22,Chandigarh,86268
23,Telangana,3315560
24,Himachal Pradesh,227373
25,West Bengal,2604789
26,Gujarat,2690048
27,Sikkim,20051
28,Nagaland,15074
29,Mizoram,7593
30,Chhattisgarh,679263
31,Jammu & Kashmir,176425
32,Goa,91936
33,Arunachal Pradesh,21495
34,Delhi,2087022
35,Uttarakhand,483043
