Myindex,State,Year,Quarter,Registered_Users,AppOpenings
0,andaman-&-nicobar-islands,2018,1,6740,0
1,andaman-&-nicobar-islands,2018,2,9405,0
2,andaman-&-nicobar-islands,2018,3,12149,0
3,andaman-&-nicobar-islands,2018,4,15222,0
4,andaman-&-nicobar-islands,2019,1,18596,0
5,andaman-&-nicobar-islands,2019,2,21731,52640
6,andaman-&-nicobar-islands,2019,3,23931,171107
7,andaman-&-nicobar-islands,2019,4,25960,177012
8,andaman-&-nicobar-islands,2020,1,28368,193586
9,andaman-&-nicobar-islands,2020,2,32710,305072
10,andaman-&-nicobar-islands,2020,3,41335,515565
11,andaman-&-nicobar-islands,2020,4,52396,887208
12,andaman-&-nicobar-islands,2021,1,57758,1004336
13,andaman-&-nicobar-islands,2021,2,62095,2248223
14,andaman-&-nicobar-islands,2021,3,66982,3121625
15,andaman-&-nicobar-islands,2021,4,71780,2112910
16,andaman-&-nicobar-islands,2022,1,76288,3847407
17,andaman-&-nicobar-islands,2022,2,80530,5180013
18,andaman-&-nicobar-islands,2022,3,84642,6068354
19,andaman-&-nicobar-islands,2022,4,88442,4354093
20,andhra-pradesh,2018,1,3336450,0
21,andhra-pradesh,2018,2,4402540,0
22,andhra-pradesh,2018,3,5427617,0
23,andhra-pradesh,2018,4,6857409,0
24,andhra-pradesh,2019,1,8283019,0
25,andhra-pradesh,2019,2,9389003,81375251
26,andhra-pradesh,2019,3,10458693,310953542
27,andhra-pradesh,2019,4,11757883,411201518
28,andhra-pradesh,2020,1,13022060,486513773
29,andhra-pradesh,2020,2,14319675,494341698
30,andhra-pradesh,2020,3,15692405,696300382
31,andhra-pradesh,2020,4,17076565,869078538
32,andhra-pradesh,2021,1,18363733,957709447
33,andhra-pradesh,2021,2,19620905,1044705436
34,andhra-pradesh,2021,3,21059898,1258536879
35,andhra-pradesh,2021,4,22489029,1447717601
36,andhra-pradesh,2022,1,23857951,1254785973
37,andhra-pradesh,2022,2,25157264,1378736856
38,andhra-pradesh,2022,3,26496330,1357005703
39,andhra-pradesh,2022,4,27778016,1673374802
40,arunachal-pradesh,2018,1,21495,0
41,arunachal-pradesh,2018,2,32883,0
42,arunachal-pradesh,2018,3,45922,0
43,arunachal-pradesh,2018,4,61852,0
44,arunachal-pradesh,2019,1,76957,0
45,arunachal-pradesh,2019,2,95885,502873
46,arunachal-pradesh,2019,3,112149,1811700
47,arunachal-pradesh,2019,4,129321,2140340
48,arunachal-pradesh,2020,1,149066,2598321
49,arunachal-pradesh,2020,2,177534,3387006
50,arunachal-pradesh,2020,3,206046,4003421
51,arunachal-pradesh,2020,4,231292,4472667
52,arunachal-pradesh,2021,1,251240,4796708
53,arunachal-pradesh,2021,2,270572,13025849
54,arunachal-pradesh,2021,3,293073,17209654
55,arunachal-pradesh,2021,4,314944,11230295
56,arunachal-pradesh,2022,1,335339,41418559
57,arunachal-pradesh,2022,2,354528,49889518
58,arunachal-pradesh,2022,3,373372,59722628
59,arunachal-pradesh,2022,4,390307,21775038
60,assam,2018,1,385237,0
61,assam,2018,2,571046,0
62,assam,2018,3,784802,0
63,assam,2018,4,1039221,0
64,assam,2019,1,1259085,0
65,assam,2019,2,1500128,7350326
66,assam,2019,3,1731523,25393673
67,assam,2019,4,1941220,26599449
68,assam,2020,1,2185938,33097892
69,assam,2020,2,2550883,39304924
70,assam,2020,3,2830011,41875278
71,assam,2020,4,3106153,49321814
72,assam,2021,1,3358448,56752364
73,assam,2021,2,3617056,102003890
74,assam,2021,3,3918480,135288631
75,assam,2021,4,4209591,130600435
76,assam,2022,1,4492589,281642453
77,assam,2022,2,4755787,339929089
78,assam,2022,3,5016910,410760707
79,assam,2022,4,5247776,248781157
80,bihar,2018,1,2133804,0
81,bihar,2018,2,3005872,0
82,bihar,2018,3,3784535,0
83,bihar,2018,4,4776665,0
84,bihar,2019,1,5745117,0
85,bihar,2019,2,6589759,39607022
86,bihar,2019,3,7380265,126521298
87,bihar,2019,4,8342274,163998097
88,bihar,2020,1,9351234,183868505
89,bihar,2020,2,10603767,218435035
90,bihar,2020,3,11763213,266652644
91,bihar,2020,4,12889833,317056600
92,bihar,2021,1,13946288,355792608
93,bihar,2021,2,14972134,371198660
94,bihar,2021,3,16160771,421801379
95,bihar,2021,4,17335981,647400838
96,bihar,2022,1,18484658,316991599
97,bihar,2022,2,19569894,348588438
98,bihar,2022,3,20694376,336807385
99,bihar,2022,4,21738117,834827202
100,chandigarh,2018,1,86268,0
101,chandigarh,2018,2,115219,0
102,chandigarh,2018,3,143893,0
103,chandigarh,2018,4,177747,0
104,chandigarh,2019,1,209175,0
105,chandigarh,2019,2,240439,1220176
106,chandigarh,2019,3,267337,4625196
107,chandigarh,2019,4,289590,4960441
108,chandigarh,2020,1,312887,5201211
109,chandigarh,2020,2,336351,3451250
110,chandigarh,2020,3,362588,4888739
111,chandigarh,2020,4,391402,6477974
112,chandigarh,2021,1,419998,7919533
113,chandigarh,2021,2,448572,4733924
114,chandigarh,2021,3,480463,6378807
115,chandigarh,2021,4,512092,11603954
116,chandigarh,2022,1,541549,2321685
117,chandigarh,2022,2,569582,2285979
118,chandigarh,2022,3,598698,2173356
119,chandigarh,2022,4,627563,15308862
120,chhattisgarh,2018,1,679263,0
121,chhattisgarh,2018,2,950675,0
122,chhattisgarh,2018,3,1217792,0
123,chhattisgarh,2018,4,1579998,0
124,chhattisgarh,2019,1,1908898,0
125,chhattisgarh,2019,2,2191066,13206373
126,chhattisgarh,2019,3,2435058,46362341
127,chhattisgarh,2019,4,2725900,57278977
128,chhattisgarh,2020,1,3016487,64224101
129,chhattisgarh,2020,2,3401658,68493384
130,chhattisgarh,2020,3,3799386,86918606
131,chhattisgarh,2020,4,4190601,109900467
132,chhattisgarh,2021,1,4514551,124648704
133,chhattisgarh,2021,2,4837055,205784717
134,chhattisgarh,2021,3,5206084,276486076
135,chhattisgarh,2021,4,5565481,251752583
136,chhattisgarh,2022,1,5916961,448503438
137,chhattisgarh,2022,2,6238349,501411120
138,chhattisgarh,2022,3,6562237,543206487
139,chhattisgarh,2022,4,6846822,354976814
140,dadra-&-nagar-haveli-&-daman-&-diu,2018,1,53258,0
141,dadra-&-nagar-haveli-&-daman-&-diu,2018,2,71458,0
142,dadra-&-nagar-haveli-&-daman-&-diu,2018,3,92107,0
143,dadra-&-nagar-haveli-&-daman-&-diu,2018,4,116511,0
144,dadra-&-nagar-haveli-&-daman-&-diu,2019,1,140532,0
145,dadra-&-nagar-haveli-&-daman-&-diu,2019,2,158580,860686
146,dadra-&-nagar-haveli-&-daman-&-diu,2019,3,176929,3126189
147,dadra-&-nagar-haveli-&-daman-&-diu,2019,4,197598,3770543
148,dadra-&-nagar-haveli-&-daman-&-diu,2020,1,218496,4195122
149,dadra-&-nagar-haveli-&-daman-&-diu,2020,2,244814,4505127
150,dadra-&-nagar-haveli-&-daman-&-diu,2020,3,267946,4421499
151,dadra-&-nagar-haveli-&-daman-&-diu,2020,4,296493,6196436
152,dadra-&-nagar-haveli-&-daman-&-diu,2021,1,321396,7302462
153,dadra-&-nagar-haveli-&-daman-&-diu,2021,2,344994,5062983
154,dadra-&-nagar-haveli-&-daman-&-diu,2021,3,371874,7162734
155,dadra-&-nagar-haveli-&-daman-&-diu,2021,4,398963,15009455
156,dadra-&-nagar-haveli-&-daman-&-diu,2022,1,424570,3910792
157,dadra-&-nagar-haveli-&-daman-&-diu,2022,2,449016,3886292
158,dadra-&-nagar-haveli-&-daman-&-diu,2022,3,474807,3837881
159,dadra-&-nagar-haveli-&-daman-&-diu,2022,4,500125,24066770
160,delhi,2018,1,2087022,0
161,delhi,2018,2,2756141,0
162,delhi,2018,3,3504911,0
163,delhi,2018,4,4630313,0
164,delhi,2019,1,5499263,0
165,delhi,2019,2,6165448,43731570
166,delhi,2019,3,6782286,163381027
167,delhi,2019,4,7289883,172682671
168,delhi,2020,1,7826197,178263986
169,delhi,2020,2,8391139,142852253
170,delhi,2020,3,9044174,190025029
171,delhi,2020,4,9747968,243433752
172,delhi,2021,1,10467210,281201600
173,delhi,2021,2,11182699,164997774
174,delhi,2021,3,11980061,223844376
175,delhi,2021,4,12785127,345669353
176,delhi,2022,1,13539197,57524153
177,delhi,2022,2,14260143,52553080
178,delhi,2022,3,15009523,49919498
179,delhi,2022,4,15764149,401864749
180,goa,2018,1,91936,0
181,goa,2018,2,122174,0
182,goa,2018,3,153802,0
183,goa,2018,4,195350,0
184,goa,2019,1,238152,0
185,goa,2019,2,278940,1352232
186,goa,2019,3,317194,4753892
187,goa,2019,4,353546,6290543
188,goa,2020,1,391900,7147233
189,goa,2020,2,430639,5310126
190,goa,2020,3,474962,6129766
191,goa,2020,4,527584,10991118
192,goa,2021,1,570035,15467672
193,goa,2021,2,609106,12710361
194,goa,2021,3,653458,16575111
195,goa,2021,4,697178,28288254
196,goa,2022,1,738628,18678798
197,goa,2022,2,777779,19062157
198,goa,2022,3,817830,19712764
199,goa,2022,4,855202,43005212
200,gujarat,2018,1,2690048,0
201,gujarat,2018,2,3565825,0
202,gujarat,2018,3,4433183,0
203,gujarat,2018,4,5579040,0
204,gujarat,2019,1,6652536,0
205,gujarat,2019,2,7574645,34890301
206,gujarat,2019,3,8429299,129441484
207,gujarat,2019,4,9323799,147973757
208,gujarat,2020,1,10259843,165605122
209,gujarat,2020,2,11392657,155264359
210,gujarat,2020,3,12467847,184402472
211,gujarat,2020,4,13605203,230497353
212,gujarat,2021,1,14670126,264732874
213,gujarat,2021,2,15735981,282432543
214,gujarat,2021,3,16946761,379987151
215,gujarat,2021,4,18139201,487846209
216,gujarat,2022,1,19265314,521776939
217,gujarat,2022,2,20321596,609943436
218,gujarat,2022,3,21394721,699121904
219,gujarat,2022,4,22412353,790984595
220,haryana,2018,1,1847357,0
221,haryana,2018,2,2447221,0
222,haryana,2018,3,3020398,0
223,haryana,2018,4,3793079,0
224,haryana,2019,1,4538767,0
225,haryana,2019,2,5178030,31929195
226,haryana,2019,3,5783752,118332587
227,haryana,2019,4,6366679,136721888
228,haryana,2020,1,7018770,157793468
229,haryana,2020,2,7682878,143650123
230,haryana,2020,3,8398816,188614769
231,haryana,2020,4,9129873,236101307
232,haryana,2021,1,9827905,266686683
233,haryana,2021,2,10530594,234052506
234,haryana,2021,3,11325336,296884105
235,haryana,2021,4,12116439,442176987
236,haryana,2022,1,12866988,217228467
237,haryana,2022,2,13576065,236091309
238,haryana,2022,3,14303933,265475161
239,haryana,2022,4,14994944,556898878
240,himachal-pradesh,2018,1,227373,0
241,himachal-pradesh,2018,2,315299,0
242,himachal-pradesh,2018,3,407634,0
243,himachal-pradesh,2018,4,526343,0
244,himachal-pradesh,2019,1,653205,0
245,himachal-pradesh,2019,2,772603,3321711
246,himachal-pradesh,2019,3,876184,10720741
247,himachal-pradesh,2019,4,985945,12637904
248,himachal-pradesh,2020,1,1106025,14640104
249,himachal-pradesh,2020,2,1249867,16125580
250,himachal-pradesh,2020,3,1378634,18411750
251,himachal-pradesh,2020,4,1508766,22001148
252,himachal-pradesh,2021,1,1622951,24228094
253,himachal-pradesh,2021,2,1743151,43269977
254,himachal-pradesh,2021,3,1880626,52970288
255,himachal-pradesh,2021,4,2013747,47670982
256,himachal-pradesh,2022,1,2143483,77278278
257,himachal-pradesh,2022,2,2264407,102488683
258,himachal-pradesh,2022,3,2381576,108832538
259,himachal-pradesh,2022,4,2483076,72355717
260,india,2018,1,46877867,0
261,india,2018,2,63648311,0
262,india,2018,3,80010952,0
263,india,2018,4,102262055,0
264,india,2019,1,123432699,0
265,india,2019,2,141808226,920413791
266,india,2019,3,159293934,3448366103
267,india,2019,4,178279085,4301071954
268,india,2020,1,197575164,4768944662
269,india,2020,2,218996326,4357634272
270,india,2020,3,241169683,5739326491
271,india,2020,4,264271293,7461623162
272,india,2021,1,284985430,8635508502
273,india,2021,2,305258086,9630620549
274,india,2021,3,328354923,12256377890
275,india,2021,4,351161395,15172529039
276,india,2022,1,372951831,15724195113
277,india,2022,2,393424643,17786667567
278,india,2022,3,414324881,19223454074
279,india,2022,4,433947940,21262699669
280,jammu-&-kashmir,2018,1,176425,0
281,jammu-&-kashmir,2018,2,261609,0
282,jammu-&-kashmir,2018,3,342529,0
283,jammu-&-kashmir,2018,4,436563,0
284,jammu-&-kashmir,2019,1,530669,0
285,jammu-&-kashmir,2019,2,631193,2705373
286,jammu-&-kashmir,2019,3,658455,3843919
287,jammu-&-kashmir,2019,4,673367,998572
288,jammu-&-kashmir,2020,1,735408,4476894
289,jammu-&-kashmir,2020,2,845294,9856653
290,jammu-&-kashmir,2020,3,949819,11443454
291,jammu-&-kashmir,2020,4,1079022,16018751
292,jammu-&-kashmir,2021,1,1174818,18834009
293,jammu-&-kashmir,2021,2,1261267,34274559
294,jammu-&-kashmir,2021,3,1359860,45025197
295,jammu-&-kashmir,2021,4,1456810,36012148
296,jammu-&-kashmir,2022,1,1549320,62115857
297,jammu-&-kashmir,2022,2,1635570,89986310
298,jammu-&-kashmir,2022,3,1719185,109346235
299,jammu-&-kashmir,2022,4,1793434,60205865
300,jharkhand,2018,1,885762,0
301,jharkhand,2018,2,1230599,0
302,jharkhand,2018,3,1532362,0
303,jharkhand,2018,4,1913949,0
304,jharkhand,2019,1,2279329,0
305,jharkhand,2019,2,2604854,14929066
306,jharkhand,2019,3,2915511,55504460
307,jharkhand,2019,4,3281371,70181789
308,jharkhand,2020,1,3651393,74014713
309,jharkhand,2020,2,4061035,76339276
310,jharkhand,2020,3,4480027,99318784
311,jharkhand,2020,4,4917938,126310835
312,jharkhand,2021,1,5313049,141731331
313,jharkhand,2021,2,5701503,184234107
314,jharkhand,2021,3,6151843,230475998
315,jharkhand,2021,4,6596196,284960009
316,jharkhand,2022,1,7025275,331355981
317,jharkhand,2022,2,7426174,379053485
318,jharkhand,2022,3,7836429,414228860
319,jharkhand,2022,4,8217638,396098729
320,karnataka,2018,1,3717763,0
321,karnataka,2018,2,5030665,0
322,karnataka,2018,3,6372649,0
323,karnataka,2018,4,8315802,0
324,karnataka,2019,1,10266174,0
325,karnataka,2019,2,11968087,113024811
326,karnataka,2019,3,13635075,445683660
327,karnataka,2019,4,15385416,569674870
328,karnataka,2020,1,17016980,626488036
329,karnataka,2020,2,18655366,490510075
330,karnataka,2020,3,20487550,693683212
331,karnataka,2020,4,22400182,935510690
332,karnataka,2021,1,24095832,1084917385
333,karnataka,2021,2,25751023,1051089714
334,karnataka,2021,3,27614221,1366781087
335,karnataka,2021,4,29459646,1941558513
336,karnataka,2022,1,31200349,1727054045
337,karnataka,2022,2,32831447,2065359837
338,karnataka,2022,3,34493994,2148016434
339,karnataka,2022,4,36081698,3011645011
340,kerala,2018,1,784184,0
341,kerala,2018,2,1066587,0
342,kerala,2018,3,1347598,0
343,kerala,2018,4,1757326,0
344,kerala,2019,1,2136624,0
345,kerala,2019,2,2550167,8673220
346,kerala,2019,3,2990963,31471694
347,kerala,2019,4,3503938,40046033
348,kerala,2020,1,4078316,46396398
349,kerala,2020,2,4728844,45832953
350,kerala,2020,3,5582300,64309022
351,kerala,2020,4,6387169,91415273
352,kerala,2021,1,6936943,108918733
353,kerala,2021,2,7416083,87814415
354,kerala,2021,3,7949425,116282717
355,kerala,2021,4,8473810,213542857
356,kerala,2022,1,8972299,94047893
357,kerala,2022,2,9442533,98876392
358,kerala,2022,3,9933977,104565833
359,kerala,2022,4,10382102,346981849
360,ladakh,2018,1,8784,0
361,ladakh,2018,2,12918,0
362,ladakh,2018,3,17749,0
363,ladakh,2018,4,23883,0
364,ladakh,2019,1,29649,0
365,ladakh,2019,2,35516,157317
366,ladakh,2019,3,39173,503126
367,ladakh,2019,4,43108,470440
368,ladakh,2020,1,47790,590484
369,ladakh,2020,2,53034,695673
370,ladakh,2020,3,58401,1015680
371,ladakh,2020,4,64853,1232757
372,ladakh,2021,1,69919,1184204
373,ladakh,2021,2,75048,4391632
374,ladakh,2021,3,81210,7099550
375,ladakh,2021,4,87057,2665203
376,ladakh,2022,1,92492,8902080
377,ladakh,2022,2,97517,14768129
378,ladakh,2022,3,102299,19734781
379,ladakh,2022,4,106337,3832339
380,lakshadweep,2018,1,501,0
381,lakshadweep,2018,2,686,0
382,lakshadweep,2018,3,918,0
383,lakshadweep,2018,4,1156,0
384,lakshadweep,2019,1,1416,0
385,lakshadweep,2019,2,1747,4580
386,lakshadweep,2019,3,2117,15038
387,lakshadweep,2019,4,2427,17760
388,lakshadweep,2020,1,2772,21982
389,lakshadweep,2020,2,3187,29202
390,lakshadweep,2020,3,3644,32128
391,lakshadweep,2020,4,4179,41144
392,lakshadweep,2021,1,4577,47283
393,lakshadweep,2021,2,4896,40301
394,lakshadweep,2021,3,5287,49127
395,lakshadweep,2021,4,5638,67320
396,lakshadweep,2022,1,5990,45410
397,lakshadweep,2022,2,6327,38450
398,lakshadweep,2022,3,6645,18111
399,lakshadweep,2022,4,6961,72377
400,madhya-pradesh,2018,1,2553603,0
401,madhya-pradesh,2018,2,3441662,0
402,madhya-pradesh,2018,3,4309309,0
403,madhya-pradesh,2018,4,5365442,0
404,madhya-pradesh,2019,1,6414403,0
405,madhya-pradesh,2019,2,7301172,50642151
406,madhya-pradesh,2019,3,8180664,192353380
407,madhya-pradesh,2019,4,9165241,237844976
408,madhya-pradesh,2020,1,10151371,262452480
409,madhya-pradesh,2020,2,11374423,253770044
410,madhya-pradesh,2020,3,12564224,324850994
411,madhya-pradesh,2020,4,13737947,405571446
412,madhya-pradesh,2021,1,14839427,482500276
413,madhya-pradesh,2021,2,15940935,727741649
414,madhya-pradesh,2021,3,17210233,929572924
415,madhya-pradesh,2021,4,18456243,956630781
416,madhya-pradesh,2022,1,19656147,1678266475
417,madhya-pradesh,2022,2,20766417,1902866132
418,madhya-pradesh,2022,3,21884220,2026371749
419,madhya-pradesh,2022,4,22913924,1388282818
420,maharashtra,2018,1,6106994,0
421,maharashtra,2018,2,8222371,0
422,maharashtra,2018,3,10435033,0
423,maharashtra,2018,4,13381602,0
424,maharashtra,2019,1,16284451,0
425,maharashtra,2019,2,18776975,109967705
426,maharashtra,2019,3,21313081,439998413
427,maharashtra,2019,4,23745297,543654112
428,maharashtra,2020,1,26168390,615146568
429,maharashtra,2020,2,28765086,506354812
430,maharashtra,2020,3,31409513,668197101
431,maharashtra,2020,4,34432631,952006770
432,maharashtra,2021,1,37077537,1101976484
433,maharashtra,2021,2,39664697,1208083592
434,maharashtra,2021,3,42581217,1565370852
435,maharashtra,2021,4,45482506,2031739248
436,maharashtra,2022,1,48227630,2157769514
437,maharashtra,2022,2,50802786,2492946019
438,maharashtra,2022,3,53432602,2638663712
439,maharashtra,2022,4,55954028,2982202696
440,manipur,2018,1,29925,0
441,manipur,2018,2,46055,0
442,manipur,2018,3,61935,0
443,manipur,2018,4,82589,0
444,manipur,2019,1,99527,0
445,manipur,2019,2,117747,464829
446,manipur,2019,3,136316,1594205
447,manipur,2019,4,155358,1855488
448,manipur,2020,1,177374,2175642
449,manipur,2020,2,215496,3011491
450,manipur,2020,3,258563,3552375
451,manipur,2020,4,288772,3783432
452,manipur,2021,1,312668,3709227
453,manipur,2021,2,335409,7269002
454,manipur,2021,3,361749,9743772
455,manipur,2021,4,387746,7603294
456,manipur,2022,1,411900,22637747
457,manipur,2022,2,434563,26236900
458,manipur,2022,3,457063,26011343
459,manipur,2022,4,477292,12462732
460,meghalaya,2018,1,18513,0
461,meghalaya,2018,2,26618,0
462,meghalaya,2018,3,37281,0
463,meghalaya,2018,4,49634,0
464,meghalaya,2019,1,61487,0
465,meghalaya,2019,2,74746,395764
466,meghalaya,2019,3,87395,1387814
467,meghalaya,2019,4,100030,1490542
468,meghalaya,2020,1,113814,1716211
469,meghalaya,2020,2,136211,2205253
470,meghalaya,2020,3,157741,2384534
471,meghalaya,2020,4,176447,2745917
472,meghalaya,2021,1,190869,2939026
473,meghalaya,2021,2,205686,7290804
474,meghalaya,2021,3,223065,9952956
475,meghalaya,2021,4,240268,6048594
476,meghalaya,2022,1,255839,23634106
477,meghalaya,2022,2,269943,27458992
478,meghalaya,2022,3,283487,32596135
479,meghalaya,2022,4,295322,10105924
480,mizoram,2018,1,7593,0
481,mizoram,2018,2,10422,0
482,mizoram,2018,3,14502,0
483,mizoram,2018,4,19365,0
484,mizoram,2019,1,23670,0
485,mizoram,2019,2,28696,133025
486,mizoram,2019,3,34134,457834
487,mizoram,2019,4,39809,529168
488,mizoram,2020,1,46499,644683
489,mizoram,2020,2,55574,739308
490,mizoram,2020,3,68315,924865
491,mizoram,2020,4,78731,1096182
492,mizoram,2021,1,85750,1193214
493,mizoram,2021,2,92552,4014597
494,mizoram,2021,3,100647,5385718
495,mizoram,2021,4,108405,2094118
496,mizoram,2022,1,115295,14886657
497,mizoram,2022,2,121535,16646550
498,mizoram,2022,3,127735,15557163
499,mizoram,2022,4,132870,3144551
500,nagaland,2018,1,15074,0
501,nagaland,2018,2,22436,0
502,nagaland,2018,3,32090,0
503,nagaland,2018,4,42997,0
504,nagaland,2019,1,53911,0
505,nagaland,2019,2,66891,362497
506,nagaland,2019,3,80077,1244022
507,nagaland,2019,4,93124,1454551
508,nagaland,2020,1,107143,1684520
509,nagaland,2020,2,130205,2119279
510,nagaland,2020,3,173106,2868642
511,nagaland,2020,4,192188,2922121
512,nagaland,2021,1,207808,2980581
513,nagaland,2021,2,223337,6716892
514,nagaland,2021,3,241797,8661991
515,nagaland,2021,4,259990,6383337
516,nagaland,2022,1,276483,24206053
517,nagaland,2022,2,292104,28652431
518,nagaland,2022,3,307386,31229366
519,nagaland,2022,4,321205,11171582
520,odisha,2018,1,1594015,0
521,odisha,2018,2,2185781,0
522,odisha,2018,3,2795718,0
523,odisha,2018,4,3623911,0
524,odisha,2019,1,4320744,0
525,odisha,2019,2,4845359,33955545
526,odisha,2019,3,5387209,130181456
527,odisha,2019,4,6115537,189905719
528,odisha,2020,1,6652970,175918622
529,odisha,2020,2,7258315,154682772
530,odisha,2020,3,7901755,205597666
531,odisha,2020,4,8598751,270085293
532,odisha,2021,1,9233009,301315474
533,odisha,2021,2,9891029,367576494
534,odisha,2021,3,10652490,492879704
535,odisha,2021,4,11399235,567351446
536,odisha,2022,1,12124779,613855465
537,odisha,2022,2,12801990,670311093
538,odisha,2022,3,13493282,725475924
539,odisha,2022,4,14127239,726099254
540,puducherry,2018,1,49318,0
541,puducherry,2018,2,65580,0
542,puducherry,2018,3,81546,0
543,puducherry,2018,4,109494,0
544,puducherry,2019,1,133059,0
545,puducherry,2019,2,156458,661932
546,puducherry,2019,3,177868,2476922
547,puducherry,2019,4,204292,3263122
548,puducherry,2020,1,230908,3820943
549,puducherry,2020,2,255600,3057608
550,puducherry,2020,3,285173,4222159
551,puducherry,2020,4,319626,6377136
552,puducherry,2021,1,346279,7914507
553,puducherry,2021,2,369961,5178916
554,puducherry,2021,3,396609,6899592
555,puducherry,2021,4,423167,14257568
556,puducherry,2022,1,448051,3938657
557,puducherry,2022,2,471663,3830290
558,puducherry,2022,3,496570,4186911
559,puducherry,2022,4,520649,24144184
560,punjab,2018,1,847142,0
561,punjab,2018,2,1152190,0
562,punjab,2018,3,1473148,0
563,punjab,2018,4,1865715,0
564,punjab,2019,1,2226590,0
565,punjab,2019,2,2600112,10928094
566,punjab,2019,3,2962713,40860886
567,punjab,2019,4,3321742,47673880
568,punjab,2020,1,3739502,53853710
569,punjab,2020,2,4225481,51289576
570,punjab,2020,3,4694233,58946732
571,punjab,2020,4,5157868,71191183
572,punjab,2021,1,5568777,81052268
573,punjab,2021,2,5976548,85894089
574,punjab,2021,3,6434862,107614155
575,punjab,2021,4,6880103,138427499
576,punjab,2022,1,7302726,117482807
577,punjab,2022,2,7702100,138965337
578,punjab,2022,3,8097582,154625731
579,punjab,2022,4,8462753,199899443
580,rajasthan,2018,1,3158202,0
581,rajasthan,2018,2,4212964,0
582,rajasthan,2018,3,5175453,0
583,rajasthan,2018,4,6358738,0
584,rajasthan,2019,1,7712204,0
585,rajasthan,2019,2,8783935,62787336
586,rajasthan,2019,3,9797304,238338999
587,rajasthan,2019,4,10925031,288904693
588,rajasthan,2020,1,12142053,341815756
589,rajasthan,2020,2,13563201,329941181
590,rajasthan,2020,3,14969412,436682870
591,rajasthan,2020,4,16329494,511015109
592,rajasthan,2021,1,17661088,632535059
593,rajasthan,2021,2,18980985,1072091232
594,rajasthan,2021,3,20499465,1429553825
595,rajasthan,2021,4,21977202,1185124031
596,rajasthan,2022,1,23398857,2570606469
597,rajasthan,2022,2,24716181,2771434947
598,rajasthan,2022,3,26042948,3299787866
599,rajasthan,2022,4,27255927,1537424924
600,sikkim,2018,1,20051,0
601,sikkim,2018,2,28097,0
602,sikkim,2018,3,37637,0
603,sikkim,2018,4,48538,0
604,sikkim,2019,1,58956,0
605,sikkim,2019,2,70999,398520
606,sikkim,2019,3,82128,1316804
607,sikkim,2019,4,92972,1552004
608,sikkim,2020,1,104631,1697163
609,sikkim,2020,2,119921,1912335
610,sikkim,2020,3,134773,2156470
611,sikkim,2020,4,148543,2478670
612,sikkim,2021,1,160213,2795331
613,sikkim,2021,2,171740,4541121
614,sikkim,2021,3,184693,5714565
615,sikkim,2021,4,197407,5525552
616,sikkim,2022,1,209616,12440193
617,sikkim,2022,2,220994,16993937
618,sikkim,2022,3,232025,18748536
619,sikkim,2022,4,241968,8948864
620,tamil-nadu,2018,1,2104754,0
621,tamil-nadu,2018,2,2996036,0
622,tamil-nadu,2018,3,3900177,0
623,tamil-nadu,2018,4,5199878,0
624,tamil-nadu,2019,1,6296303,0
625,tamil-nadu,2019,2,7429609,33658961
626,tamil-nadu,2019,3,8428835,124690342
627,tamil-nadu,2019,4,9620493,155011717
628,tamil-nadu,2020,1,10872368,179908753
629,tamil-nadu,2020,2,12150786,144907447
630,tamil-nadu,2020,3,13643451,194683284
631,tamil-nadu,2020,4,15357586,288233552
632,tamil-nadu,2021,1,16632608,348801714
633,tamil-nadu,2021,2,17804542,343968474
634,tamil-nadu,2021,3,19127440,459826734
635,tamil-nadu,2021,4,20433142,685861440
636,tamil-nadu,2022,1,21667020,638490275
637,tamil-nadu,2022,2,22829720,740265406
638,tamil-nadu,2022,3,24019964,866738343
639,tamil-nadu,2022,4,25136112,1229187623
640,telangana,2018,1,3315560,0
641,telangana,2018,2,4260115,0
642,telangana,2018,3,5138501,0
643,telangana,2018,4,6529679,0
644,telangana,2019,1,7963425,0
645,telangana,2019,2,9046007,80842302
646,telangana,2019,3,10090557,318124511
647,telangana,2019,4,11220691,399239044
648,telangana,2020,1,12306860,454723816
649,telangana,2020,2,13378191,367130505
650,telangana,2020,3,14590882,527781925
651,telangana,2020,4,15927797,764614235
652,telangana,2021,1,17149069,920040042
653,telangana,2021,2,18306880,905317692
654,telangana,2021,3,19615278,1107529197
655,telangana,2021,4,20917649,1407599392
656,telangana,2022,1,22150612,1168864524
657,telangana,2022,2,23314363,1276259370
658,telangana,2022,3,24506111,1255597644
659,telangana,2022,4,25656381,1731228513
660,tripura,2018,1,55157,0
661,tripura,2018,2,83369,0
662,tripura,2018,3,116874,0
663,tripura,2018,4,153265,0
664,tripura,2019,1,183254,0
665,tripura,2019,2,217644,953627
666,tripura,2019,3,245456,3350991
667,tripura,2019,4,272298,3610807
668,tripura,2020,1,299962,4063223
669,tripura,2020,2,336666,4443221
670,tripura,2020,3,376731,5777908
671,tripura,2020,4,409110,6017249
672,tripura,2021,1,439636,6009660
673,tripura,2021,2,472153,9500881
674,tripura,2021,3,509929,12279146
675,tripura,2021,4,546292,10728702
676,tripura,2022,1,582124,19322963
677,tripura,2022,2,615782,21343111
678,tripura,2022,3,649143,24123569
679,tripura,2022,4,678741,16107610
680,uttar-pradesh,2018,1,4694250,0
681,uttar-pradesh,2018,2,6442554,0
682,uttar-pradesh,2018,3,8096483,0
683,uttar-pradesh,2018,4,10341964,0
684,uttar-pradesh,2019,1,12458661,0
685,uttar-pradesh,2019,2,14316349,78394040
686,uttar-pradesh,2019,3,16044607,268142606
687,uttar-pradesh,2019,4,17949542,324068625
688,uttar-pradesh,2020,1,20136256,374282083
689,uttar-pradesh,2020,2,22498519,383703534
690,uttar-pradesh,2020,3,24838116,450784508
691,uttar-pradesh,2020,4,27249134,552220798
692,uttar-pradesh,2021,1,29482075,639718324
693,uttar-pradesh,2021,2,31651894,673598864
694,uttar-pradesh,2021,3,34151882,803890116
695,uttar-pradesh,2021,4,36617655,1175923794
696,uttar-pradesh,2022,1,38999692,836926025
697,uttar-pradesh,2022,2,41247289,947480495
698,uttar-pradesh,2022,3,43537920,1035702397
699,uttar-pradesh,2022,4,45648650,1682003791
700,uttarakhand,2018,1,483043,0
701,uttarakhand,2018,2,649142,0
702,uttarakhand,2018,3,810612,0
703,uttarakhand,2018,4,1012103,0
704,uttarakhand,2019,1,1224955,0
705,uttarakhand,2019,2,1414339,7454279
706,uttarakhand,2019,3,1585859,24660988
707,uttarakhand,2019,4,1752677,28853867
708,uttarakhand,2020,1,1943606,32631265
709,uttarakhand,2020,2,2148567,31074793
710,uttarakhand,2020,3,2365438,40377348
711,uttarakhand,2020,4,2596244,52564888
712,uttarakhand,2021,1,2802122,59282260
713,uttarakhand,2021,2,3004040,78380036
714,uttarakhand,2021,3,3233509,90886530
715,uttarakhand,2021,4,3460015,110928354
716,uttarakhand,2022,1,3674829,115224382
717,uttarakhand,2022,2,3877056,156465685
718,uttarakhand,2022,3,4081976,152803850
719,uttarakhand,2022,4,4272049,160685547
720,west-bengal,2018,1,2604789,0
721,west-bengal,2018,2,3833795,0
722,west-bengal,2018,3,4851740,0
723,west-bengal,2018,4,6279278,0
724,west-bengal,2019,1,7449425,0
725,west-bengal,2019,2,8612795,49514201
726,west-bengal,2019,3,9643222,176559011
727,west-bengal,2019,4,10885058,244326613
728,west-bengal,2020,1,11960822,207068218
729,west-bengal,2020,2,13222022,198589332
730,west-bengal,2020,3,14448366,246554831
731,west-bengal,2020,4,15662093,291721919
732,west-bengal,2021,1,16808799,316832674
733,west-bengal,2021,2,17979979,275341466
734,west-bengal,2021,3,19323278,348588666
735,west-bengal,2021,4,20644527,512335839
736,west-bengal,2022,1,21919787,236131065
737,west-bengal,2022,2,23124388,250276369
738,west-bengal,2022,3,24372048,256445748
739,west-bengal,2022,4,25536381,678066327
